{
  "version": 1,
  "author": "KARTHIK L",
  "editor": "wokwi",
  "parts": [
    { "type": "board-esp32-devkit-c-v4", "id": "esp", "top": 0, "left": 0, "attrs": {} },
    { "type": "board-bmp180", "id": "bmp1", "top": 72.64, "left": -124.54, "attrs": {} }
  ],
  "connections": [
    [ "esp:TX", "$serialMonitor:RX", "", [] ],
    [ "esp:RX", "$serialMonitor:TX", "", [] ],
    [ "bmp1:VCC", "esp:5V", "red", [ "h28.8", "v115.2" ] ],
    [ "bmp1:GND", "esp:GND.1", "black", [ "h0" ] ],
    [ "bmp1:SDA", "esp:21", "green", [ "h19.2", "v124.99", "h220.8", "v-153.6" ] ],
    [ "bmp1:SCL", "esp:22", "green", [ "h38.4", "v-105.41", "h172.8", "v48", "h9.6" ] ]
  ],
  "dependencies": {}
}